Pipeline_ID,Material_Type,Original_Thickness_mm,Current_Thickness_mm,Operating_Temp_C,Inspection_Date
P 1435,P-91,,11.2,317,01/01/2020
P-1270,CS,10.0,11.2,113,02/01/2020
P 1071,SS316,10.0,11.2,399,03/01/2020
P-1020,  cs  ,10.0,,543,04/01/2020
P 1121,CS,15.0,9.8,572,05/01/2020
P 1214,  cs  ,20.0,11.2,147,06/01/2020
P 1458,SS316,10.0,11.2,120,07/01/2020
PL-1372,Carbon Steel,,14.1,413,08/01/2020
PL-1871,SS316,10.0,11.2,325,09/01/2020
PL-1130,CS,,9.8,99,10/01/2020
 p-1308,P-91,12.5,9.8,407,11/01/2020
 p-1343,STAINLESS,10.0,9.8,534,12/01/2020
PL-1413,CS,12.5,14.1,133,13/01/2020
 p-1385,SS316,10.0,9.8,345,14/01/2020
PL-1955,STAINLESS,10.0,9.8,285,15/01/2020
P-1160,SS316,12.5,,105,16/01/2020
PL-1313,P-91,20.0,9.8,409,17/01/2020
 p-1252,SS316,12.5,,159,18/01/2020
PL-1856,Carbon Steel,12.5,11.2,241,19/01/2020
P-1474,p91,15.0,14.1,142,20/01/2020
P 1510,  cs  ,15.0,9.8,109,21/01/2020
 p-1475,  cs  ,10.0,9.8,88,22/01/2020
PL-1975,CS,12.5,14.1,589,23/01/2020
P 1189,p91,10.0,14.1,98,24/01/2020
 p-1686,SS316,10.0,14.1,469,25/01/2020
 p-1562,P-91,15.0,9.8,62,26/01/2020
PL-1566,CS,10.0,14.1,85,27/01/2020
PL-1831,SS316,12.5,14.1,150,28/01/2020
P-1130,STAINLESS,15.0,11.2,135,29/01/2020
P-1818,P91,10.0,14.1,565,30/01/2020
P 1020,SS316,12.5,14.1,272,31/01/2020
P-1166,p91,10.0,11.2,387,01/02/2020
 p-1387,CS,,9.8,215,02/02/2020
P-1315,p91,12.5,11.2,432,03/02/2020
 p-1241,CS,20.0,9.8,425,04/02/2020
 p-1776,SS316,12.5,11.2,520,05/02/2020
 p-1564,Carbon Steel,10.0,11.2,80,06/02/2020
 p-1339,STAINLESS,15.0,9.8,424,07/02/2020
PL-1366,SS316,,9.8,60,08/02/2020
PL-1454,  cs  ,15.0,9.8,351,09/02/2020
PL-1508,p91,20.0,14.1,145,10/02/2020
PL-1942,P91,20.0,,239,11/02/2020
P 1205,P91,10.0,9.8,502,12/02/2020
P-1931,P-91,10.0,,241,13/02/2020
 p-1871,CS,15.0,11.2,535,14/02/2020
PL-1001,p91,12.5,9.8,315,15/02/2020
 p-1389,P-91,20.0,9.8,473,16/02/2020
 p-1105,p91,,11.2,177,17/02/2020
PL-1821,  cs  ,12.5,14.1,287,18/02/2020
P-1702,CS,10.0,14.1,404,19/02/2020
 p-1729,SS316,15.0,9.8,161,20/02/2020
PL-1161,SS316,10.0,9.8,495,21/02/2020
 p-1957,P91,20.0,11.2,392,22/02/2020
PL-1269,SS316,12.5,9.8,194,23/02/2020
P 1815,SS316,15.0,9.8,114,24/02/2020
P 1455,  cs  ,10.0,9.8,296,25/02/2020
 p-1726,Carbon Steel,15.0,14.1,539,26/02/2020
PL-1701,P91,12.5,,488,27/02/2020
PL-1724,P-91,12.5,11.2,155,28/02/2020
PL-1748,STAINLESS,10.0,,230,29/02/2020
 p-1878,Carbon Steel,15.0,9.8,233,01/03/2020
P-1791,P-91,20.0,11.2,275,02/03/2020
 p-1216,CS,10.0,9.8,138,03/03/2020
PL-1187,Carbon Steel,10.0,11.2,579,04/03/2020
PL-1492,  cs  ,10.0,,420,05/03/2020
P-1156,P-91,15.0,11.2,448,06/03/2020
P 1812,CS,15.0,9.8,155,07/03/2020
P-1856,P91,12.5,11.2,320,08/03/2020
P 1520,STAINLESS,10.0,9.8,552,09/03/2020
PL-1128,CS,12.5,999.0,574,10/03/2020
PL-1647,SS316,12.5,11.2,81,11/03/2020
PL-1062,p91,12.5,11.2,442,12/03/2020
P 1498,CS,,11.2,89,13/03/2020
P-1391,CS,10.0,11.2,267,14/03/2020
P 1418,STAINLESS,15.0,9.8,131,15/03/2020
P-1378,p91,12.5,11.2,250,16/03/2020
P-1489,SS316,12.5,9.8,496,17/03/2020
P 1040,P-91,15.0,14.1,477,18/03/2020
PL-1134,P-91,15.0,14.1,87,19/03/2020
P-1839,CS,,14.1,260,20/03/2020
PL-1929,  cs  ,10.0,11.2,493,21/03/2020
P-1047,  cs  ,10.0,11.2,376,22/03/2020
P 1406,p91,15.0,9.8,276,23/03/2020
 p-1727,p91,12.5,14.1,97,24/03/2020
P-1098,SS316,10.0,9.8,67,25/03/2020
PL-1871,STAINLESS,10.0,11.2,488,26/03/2020
 p-1986,P91,10.0,9.8,236,27/03/2020
P 1960,P-91,20.0,9.8,394,28/03/2020
P 1612,STAINLESS,10.0,11.2,273,29/03/2020
P 1461,Carbon Steel,12.5,9.8,537,30/03/2020
P 1768,P-91,10.0,14.1,278,31/03/2020
P-1217,STAINLESS,12.5,9.8,439,01/04/2020
P 1766,P-91,10.0,9.8,237,02/04/2020
 p-1870,P91,12.5,11.2,319,03/04/2020
P 1392,Carbon Steel,10.0,9.8,359,04/04/2020
P 1014,  cs  ,20.0,9.8,181,05/04/2020
 p-1553,  cs  ,10.0,14.1,121,06/04/2020
PL-1460,P91,12.5,9.8,236,07/04/2020
P 1574,SS316,20.0,14.1,535,08/04/2020
PL-1742,Carbon Steel,15.0,9.8,240,09/04/2020
P-1563,CS,12.5,9.8,471,10/04/2020
P-1095,STAINLESS,12.5,14.1,169,11/04/2020
PL-1733,Carbon Steel,12.5,9.8,269,12/04/2020
P-1406,SS316,15.0,9.8,102,13/04/2020
P 1748,SS316,,9.8,500,14/04/2020
P 1170,P91,15.0,9.8,461,15/04/2020
P-1035,P-91,12.5,14.1,286,16/04/2020
P-1159,Carbon Steel,15.0,9.8,455,17/04/2020
P 1698,STAINLESS,12.5,14.1,471,18/04/2020
P 1085,Carbon Steel,10.0,999.0,296,19/04/2020
PL-1577,p91,12.5,11.2,121,20/04/2020
 p-1556,P-91,,,234,21/04/2020
 p-1952,STAINLESS,10.0,9.8,55,22/04/2020
P-1645,  cs  ,15.0,,255,23/04/2020
PL-1027,STAINLESS,10.0,9.8,593,24/04/2020
PL-1555,CS,12.5,11.2,436,25/04/2020
PL-1797,P91,10.0,11.2,125,26/04/2020
 p-1330,CS,12.5,9.8,226,27/04/2020
PL-1505,STAINLESS,15.0,11.2,398,28/04/2020
P 1347,P-91,12.5,14.1,304,29/04/2020
P-1230,Carbon Steel,15.0,9.8,357,30/04/2020
 p-1224,  cs  ,15.0,9.8,394,01/05/2020
P-1376,Carbon Steel,,14.1,176,02/05/2020
P 1957,P-91,10.0,11.2,336,03/05/2020
P-1627,STAINLESS,12.5,,536,04/05/2020
P-1744,SS316,10.0,14.1,432,05/05/2020
P 1358,Carbon Steel,,,455,06/05/2020
 p-1455,SS316,,14.1,437,07/05/2020
P 1648,Carbon Steel,12.5,9.8,574,08/05/2020
 p-1676,Carbon Steel,20.0,9.8,325,09/05/2020
P-1818,  cs  ,12.5,14.1,549,10/05/2020
 p-1683,P91,15.0,11.2,386,11/05/2020
PL-1974,P91,10.0,9.8,530,12/05/2020
P 1373,p91,15.0,9.8,322,13/05/2020
PL-1607,CS,10.0,,107,14/05/2020
PL-1232,P-91,20.0,11.2,377,15/05/2020
PL-1112,P-91,15.0,11.2,158,16/05/2020
 p-1496,P-91,15.0,11.2,328,17/05/2020
 p-1563,p91,10.0,9.8,377,18/05/2020
PL-1509,P91,12.5,9.8,364,19/05/2020
P 1385,STAINLESS,10.0,9.8,523,20/05/2020
P 1112,SS316,12.5,9.8,160,21/05/2020
P-1624,  cs  ,10.0,14.1,278,22/05/2020
PL-1080,SS316,,11.2,546,23/05/2020
P 1112,STAINLESS,12.5,14.1,205,24/05/2020
 p-1641,  cs  ,12.5,999.0,522,25/05/2020
PL-1565,p91,12.5,9.8,321,26/05/2020
P 1996,STAINLESS,12.5,11.2,51,27/05/2020
PL-1224,P-91,15.0,11.2,560,28/05/2020
P-1402,CS,12.5,999.0,335,29/05/2020
 p-1129,Carbon Steel,,9.8,62,30/05/2020
P-1683,SS316,12.5,11.2,547,31/05/2020
 p-1671,P91,,11.2,287,01/06/2020
 p-1415,P91,20.0,9.8,143,02/06/2020
P 1835,p91,10.0,9.8,387,03/06/2020
P 1202,  cs  ,,11.2,220,04/06/2020
PL-1122,P91,10.0,14.1,516,05/06/2020
P-1766,P-91,20.0,9.8,192,06/06/2020
 p-1279,SS316,12.5,11.2,250,07/06/2020
P-1883,STAINLESS,20.0,9.8,229,08/06/2020
 p-1197,P-91,20.0,14.1,413,09/06/2020
 p-1906,p91,20.0,9.8,528,10/06/2020
P 1751,P-91,15.0,999.0,520,11/06/2020
PL-1608,STAINLESS,12.5,9.8,433,12/06/2020
P-1123,CS,10.0,9.8,466,13/06/2020
P 1325,p91,12.5,9.8,357,14/06/2020
PL-1348,CS,10.0,9.8,416,15/06/2020
P 1659,Carbon Steel,15.0,11.2,50,16/06/2020
PL-1954,CS,12.5,9.8,93,17/06/2020
PL-1402,Carbon Steel,,14.1,147,18/06/2020
 p-1962,Carbon Steel,15.0,9.8,314,19/06/2020
P 1146,CS,20.0,9.8,189,20/06/2020
PL-1863,p91,10.0,9.8,530,21/06/2020
P 1819,  cs  ,20.0,9.8,286,22/06/2020
P-1928,STAINLESS,,9.8,121,23/06/2020
PL-1639,P-91,12.5,11.2,239,24/06/2020
P 1337,P-91,15.0,11.2,317,25/06/2020
PL-1640,STAINLESS,15.0,11.2,370,26/06/2020
P 1987,SS316,10.0,11.2,156,27/06/2020
P-1472,SS316,12.5,11.2,281,28/06/2020
 p-1150,Carbon Steel,12.5,9.8,91,29/06/2020
P 1989,Carbon Steel,10.0,11.2,188,30/06/2020
 p-1610,p91,12.5,,322,01/07/2020
P 1763,P91,10.0,11.2,530,02/07/2020
PL-1345,CS,10.0,11.2,465,03/07/2020
PL-1571,Carbon Steel,10.0,9.8,555,04/07/2020
P-1001,P-91,,14.1,473,05/07/2020
P-1303,p91,12.5,14.1,456,06/07/2020
 p-1651,CS,,11.2,439,07/07/2020
P-1036,p91,12.5,,391,08/07/2020
PL-1008,CS,12.5,9.8,542,09/07/2020
P-1098,CS,12.5,9.8,241,10/07/2020
P 1815,STAINLESS,12.5,14.1,548,11/07/2020
PL-1130,Carbon Steel,10.0,14.1,282,12/07/2020
PL-1151,  cs  ,15.0,9.8,276,13/07/2020
 p-1119,p91,10.0,9.8,420,14/07/2020
P-1919,  cs  ,15.0,9.8,188,15/07/2020
PL-1586,p91,15.0,9.8,198,16/07/2020
P-1967,STAINLESS,10.0,14.1,164,17/07/2020
PL-1421,P-91,10.0,11.2,499,18/07/2020
PL-1851,  cs  ,15.0,9.8,112,19/07/2020
 p-1226,P-91,12.5,9.8,153,20/07/2020
PL-1509,SS316,10.0,9.8,322,21/07/2020
P-1098,Carbon Steel,,9.8,55,22/07/2020
P-1860,Carbon Steel,10.0,11.2,196,23/07/2020
 p-1895,P91,15.0,,233,24/07/2020
 p-1337,STAINLESS,,14.1,77,25/07/2020
 p-1821,P-91,10.0,9.8,599,26/07/2020
P 1719,CS,10.0,999.0,168,27/07/2020
P-1680,p91,10.0,14.1,342,28/07/2020
PL-1160,Carbon Steel,12.5,14.1,420,29/07/2020
PL-1800,  cs  ,10.0,11.2,293,30/07/2020
 p-1276,p91,15.0,9.8,267,31/07/2020
PL-1915,p91,10.0,9.8,226,01/08/2020
PL-1895,P91,12.5,9.8,348,02/08/2020
PL-1134,P-91,,9.8,107,03/08/2020
P 1400,Carbon Steel,20.0,9.8,318,04/08/2020
PL-1032,p91,15.0,11.2,357,05/08/2020
PL-1459,Carbon Steel,12.5,14.1,337,06/08/2020
P 1882,CS,15.0,11.2,154,07/08/2020
 p-1374,P91,12.5,9.8,277,08/08/2020
 p-1749,CS,12.5,,296,09/08/2020
 p-1037,Carbon Steel,10.0,,543,10/08/2020
 p-1364,SS316,20.0,14.1,132,11/08/2020
P 1437,  cs  ,12.5,,235,12/08/2020
PL-1282,Carbon Steel,10.0,11.2,301,13/08/2020
P 1225,P-91,12.5,,404,14/08/2020
P-1797,p91,12.5,9.8,259,15/08/2020
P-1283,p91,20.0,9.8,496,16/08/2020
P 1959,CS,15.0,9.8,509,17/08/2020
P-1452,  cs  ,15.0,9.8,521,18/08/2020
PL-1828,P91,10.0,9.8,419,19/08/2020
PL-1658,SS316,12.5,11.2,541,20/08/2020
PL-1546,STAINLESS,12.5,14.1,186,21/08/2020
PL-1048,  cs  ,10.0,11.2,416,22/08/2020
PL-1016,p91,10.0,9.8,233,23/08/2020
PL-1219,P-91,15.0,14.1,336,24/08/2020
 p-1476,  cs  ,10.0,11.2,521,25/08/2020
 p-1372,CS,12.5,9.8,424,26/08/2020
 p-1098,CS,10.0,11.2,586,27/08/2020
PL-1744,STAINLESS,10.0,9.8,560,28/08/2020
P-1279,P-91,10.0,9.8,299,29/08/2020
P-1496,P91,,,559,30/08/2020
 p-1180,  cs  ,20.0,9.8,122,31/08/2020
P 1098,P-91,,11.2,331,01/09/2020
PL-1992,P91,12.5,999.0,409,02/09/2020
PL-1190,P-91,10.0,14.1,59,03/09/2020
P-1980,P-91,12.5,9.8,260,04/09/2020
PL-1982,Carbon Steel,12.5,9.8,201,05/09/2020
P-1255,CS,20.0,9.8,54,06/09/2020
P 1127,  cs  ,10.0,11.2,244,07/09/2020
 p-1792,P-91,12.5,11.2,332,08/09/2020
 p-1734,  cs  ,10.0,9.8,513,09/09/2020
 p-1569,STAINLESS,12.5,,162,10/09/2020
P 1871,P-91,15.0,11.2,320,11/09/2020
 p-1791,p91,12.5,9.8,212,12/09/2020
 p-1287,CS,12.5,11.2,509,13/09/2020
P 1853,p91,12.5,11.2,154,14/09/2020
P 1961,  cs  ,12.5,9.8,331,15/09/2020
P 1154,  cs  ,15.0,9.8,211,16/09/2020
 p-1385,CS,20.0,14.1,400,17/09/2020
 p-1784,  cs  ,,11.2,483,18/09/2020
PL-1928,p91,15.0,11.2,189,19/09/2020
P-1810,P-91,12.5,11.2,520,20/09/2020
 p-1175,P-91,15.0,9.8,181,21/09/2020
P 1476,Carbon Steel,12.5,9.8,136,22/09/2020
 p-1758,STAINLESS,10.0,11.2,232,23/09/2020
 p-1866,  cs  ,20.0,9.8,417,24/09/2020
 p-1920,p91,10.0,9.8,178,25/09/2020
PL-1524,  cs  ,,14.1,295,26/09/2020
PL-1505,  cs  ,12.5,,427,27/09/2020
P 1824,P91,15.0,14.1,198,28/09/2020
PL-1684,Carbon Steel,15.0,999.0,482,29/09/2020
PL-1320,p91,20.0,9.8,518,30/09/2020
PL-1511,p91,15.0,,495,01/10/2020
 p-1399,  cs  ,15.0,9.8,530,02/10/2020
 p-1971,Carbon Steel,10.0,,343,03/10/2020
P 1470,P-91,12.5,,192,04/10/2020
P 1091,p91,10.0,14.1,299,05/10/2020
 p-1833,P-91,15.0,,351,06/10/2020
PL-1726,Carbon Steel,12.5,11.2,74,07/10/2020
P 1853,P-91,15.0,9.8,119,08/10/2020
P 1664,CS,10.0,11.2,161,09/10/2020
 p-1574,P91,10.0,11.2,413,10/10/2020
 p-1124,SS316,15.0,9.8,352,11/10/2020
 p-1313,p91,10.0,11.2,520,12/10/2020
 p-1341,STAINLESS,10.0,,140,13/10/2020
P-1691,P91,10.0,9.8,579,14/10/2020
 p-1837,SS316,,14.1,241,15/10/2020
P 1053,P-91,15.0,,291,16/10/2020
P 1443,p91,12.5,,187,17/10/2020
P-1992,P-91,10.0,,394,18/10/2020
PL-1052,CS,12.5,11.2,229,19/10/2020
PL-1619,Carbon Steel,15.0,,552,20/10/2020
P-1102,p91,15.0,14.1,252,21/10/2020
PL-1773,SS316,10.0,9.8,241,22/10/2020
P-1991,SS316,10.0,11.2,54,23/10/2020
PL-1349,CS,10.0,14.1,286,24/10/2020
P 1866,CS,15.0,9.8,360,25/10/2020
P 1935,  cs  ,15.0,11.2,598,26/10/2020
PL-1655,p91,10.0,11.2,105,27/10/2020
P-1369,P-91,10.0,9.8,492,28/10/2020
PL-1105,STAINLESS,10.0,11.2,286,29/10/2020
 p-1658,SS316,,14.1,246,30/10/2020
P-1119,SS316,10.0,11.2,563,31/10/2020
P 1786,CS,15.0,9.8,498,01/11/2020
PL-1057,P91,15.0,9.8,409,02/11/2020
P 1345,CS,12.5,9.8,79,03/11/2020
P-1473,STAINLESS,10.0,,157,04/11/2020
P-1829,P-91,10.0,9.8,494,05/11/2020
P 1126,P-91,15.0,11.2,487,06/11/2020
P-1907,P91,15.0,9.8,506,07/11/2020
P-1640,SS316,15.0,9.8,544,08/11/2020
 p-1633,CS,12.5,14.1,296,09/11/2020
P-1750,  cs  ,10.0,14.1,592,10/11/2020
 p-1095,P-91,,9.8,488,11/11/2020
 p-1117,STAINLESS,15.0,11.2,327,12/11/2020
PL-1600,p91,10.0,9.8,160,13/11/2020
PL-1236,Carbon Steel,,11.2,434,14/11/2020
P-1896,Carbon Steel,15.0,11.2,240,15/11/2020
PL-1188,Carbon Steel,12.5,9.8,539,16/11/2020
P 1703,  cs  ,15.0,9.8,475,17/11/2020
P 1580,SS316,20.0,9.8,454,18/11/2020
 p-1860,CS,15.0,,384,19/11/2020
P 1962,P91,10.0,,258,20/11/2020
PL-1153,  cs  ,12.5,9.8,71,21/11/2020
PL-1434,  cs  ,,14.1,257,22/11/2020
P-1085,P-91,10.0,9.8,57,23/11/2020
P-1284,p91,12.5,9.8,578,24/11/2020
 p-1219,  cs  ,12.5,14.1,215,25/11/2020
P-1046,STAINLESS,12.5,,545,26/11/2020
P-1093,p91,15.0,,478,27/11/2020
 p-1957,STAINLESS,,11.2,212,28/11/2020
PL-1452,SS316,10.0,9.8,415,29/11/2020
PL-1911,CS,10.0,14.1,575,30/11/2020
 p-1473,Carbon Steel,10.0,9.8,288,01/12/2020
PL-1340,  cs  ,20.0,11.2,121,02/12/2020
P 1611,CS,15.0,9.8,494,03/12/2020
P-1253,SS316,10.0,11.2,558,04/12/2020
 p-1356,P91,20.0,9.8,318,05/12/2020
P 1761,P91,20.0,9.8,464,06/12/2020
 p-1757,SS316,20.0,,294,07/12/2020
P-1099,STAINLESS,,9.8,109,08/12/2020
 p-1179,P-91,10.0,11.2,55,09/12/2020
P 1905,P-91,15.0,9.8,456,10/12/2020
 p-1658,STAINLESS,12.5,9.8,266,11/12/2020
 p-1607,P91,20.0,9.8,75,12/12/2020
P-1324,P91,15.0,9.8,54,13/12/2020
P-1515,  cs  ,15.0,999.0,581,14/12/2020
PL-1791,P91,15.0,9.8,439,15/12/2020
PL-1758,CS,10.0,,497,16/12/2020
 p-1496,P91,12.5,11.2,195,17/12/2020
PL-1895,p91,,11.2,437,18/12/2020
PL-1474,  cs  ,,11.2,298,19/12/2020
PL-1663,Carbon Steel,10.0,11.2,575,20/12/2020
PL-1689,P91,10.0,14.1,511,21/12/2020
P 1379,STAINLESS,10.0,9.8,62,22/12/2020
P-1928,Carbon Steel,15.0,9.8,433,23/12/2020
P-1690,CS,20.0,999.0,448,24/12/2020
P 1612,STAINLESS,10.0,,68,25/12/2020
PL-1834,Carbon Steel,12.5,999.0,540,26/12/2020
P-1416,STAINLESS,20.0,11.2,468,27/12/2020
PL-1841,CS,15.0,14.1,386,28/12/2020
P 1555,  cs  ,12.5,11.2,468,29/12/2020
P-1396,p91,12.5,11.2,171,30/12/2020
PL-1606,CS,12.5,9.8,481,31/12/2020
 p-1897,CS,10.0,11.2,93,01/01/2021
P-1498,STAINLESS,12.5,9.8,366,02/01/2021
 p-1034,  cs  ,15.0,9.8,430,03/01/2021
P 1848,SS316,20.0,999.0,194,04/01/2021
 p-1775,P-91,15.0,9.8,376,05/01/2021
P-1921,P91,15.0,9.8,412,06/01/2021
 p-1601,P91,10.0,9.8,99,07/01/2021
 p-1417,p91,12.5,,114,08/01/2021
P 1616,p91,10.0,11.2,404,09/01/2021
P 1195,P91,10.0,11.2,213,10/01/2021
 p-1500,P-91,15.0,14.1,190,11/01/2021
 p-1492,P91,,14.1,177,12/01/2021
P 1412,SS316,10.0,9.8,447,13/01/2021
PL-1419,P-91,12.5,11.2,512,14/01/2021
P-1276,p91,20.0,14.1,236,15/01/2021
P-1760,Carbon Steel,10.0,11.2,239,16/01/2021
PL-1393,STAINLESS,12.5,9.8,437,17/01/2021
P-1456,SS316,15.0,999.0,478,18/01/2021
PL-1191,SS316,15.0,11.2,333,19/01/2021
P 1688,  cs  ,10.0,9.8,286,20/01/2021
P 1547,p91,12.5,11.2,243,21/01/2021
 p-1998,p91,15.0,9.8,336,22/01/2021
PL-1663,CS,12.5,9.8,185,23/01/2021
P 1189,SS316,10.0,14.1,220,24/01/2021
PL-1036,CS,15.0,9.8,208,25/01/2021
PL-1368,CS,10.0,11.2,250,26/01/2021
P 1524,STAINLESS,15.0,11.2,536,27/01/2021
P 1216,CS,10.0,9.8,553,28/01/2021
P 1872,P-91,,,420,29/01/2021
 p-1272,P91,12.5,9.8,152,30/01/2021
P-1061,Carbon Steel,12.5,9.8,174,31/01/2021
PL-1879,p91,10.0,9.8,362,01/02/2021
P-1341,P-91,12.5,9.8,507,02/02/2021
P-1698,Carbon Steel,20.0,9.8,279,03/02/2021
P 1176,SS316,,14.1,246,04/02/2021
PL-1395,SS316,12.5,,472,05/02/2021
P-1232,SS316,12.5,9.8,220,06/02/2021
P 1075,P-91,15.0,11.2,431,07/02/2021
P-1454,P-91,20.0,14.1,222,08/02/2021
PL-1717,p91,12.5,14.1,502,09/02/2021
P 1383,P91,12.5,11.2,399,10/02/2021
PL-1850,  cs  ,12.5,9.8,543,11/02/2021
 p-1366,CS,15.0,9.8,53,12/02/2021
PL-1884,SS316,10.0,14.1,142,13/02/2021
P-1098,STAINLESS,15.0,14.1,55,14/02/2021
PL-1024,P91,12.5,9.8,337,15/02/2021
PL-1890,STAINLESS,15.0,9.8,195,16/02/2021
P-1483,p91,10.0,,473,17/02/2021
P-1150,p91,12.5,14.1,506,18/02/2021
PL-1568,p91,12.5,,251,19/02/2021
P 1108,Carbon Steel,15.0,14.1,261,20/02/2021
P-1041,STAINLESS,10.0,9.8,55,21/02/2021
 p-1934,P91,12.5,11.2,425,22/02/2021
 p-1222,  cs  ,12.5,11.2,496,23/02/2021
 p-1132,P91,12.5,9.8,155,24/02/2021
P 1214,P-91,15.0,11.2,450,25/02/2021
P-1234,P-91,15.0,14.1,145,26/02/2021
P 1657,SS316,20.0,9.8,437,27/02/2021
P 1587,  cs  ,10.0,14.1,501,28/02/2021
P-1073,P-91,20.0,11.2,465,01/03/2021
 p-1491,p91,12.5,,553,02/03/2021
P-1252,P91,10.0,9.8,503,03/03/2021
 p-1518,STAINLESS,10.0,9.8,340,04/03/2021
 p-1652,p91,12.5,11.2,583,05/03/2021
PL-1169,Carbon Steel,15.0,9.8,242,06/03/2021
P-1945,P-91,15.0,14.1,199,07/03/2021
P 1633,p91,15.0,14.1,564,08/03/2021
 p-1516,p91,12.5,9.8,442,09/03/2021
P-1164,Carbon Steel,12.5,11.2,365,10/03/2021
 p-1338,CS,10.0,11.2,125,11/03/2021
PL-1495,P91,12.5,9.8,319,12/03/2021
P-1832,STAINLESS,12.5,,274,13/03/2021
 p-1499,SS316,10.0,14.1,579,14/03/2021
P-1510,CS,10.0,11.2,162,15/03/2021
P 1216,P-91,12.5,14.1,300,16/03/2021
P-1131,p91,15.0,11.2,282,17/03/2021
PL-1069,  cs  ,,,132,18/03/2021
PL-1414,Carbon Steel,,11.2,174,19/03/2021
P 1444,Carbon Steel,15.0,14.1,224,20/03/2021
PL-1181,  cs  ,12.5,999.0,118,21/03/2021
P 1090,P91,15.0,9.8,96,22/03/2021
 p-1857,CS,15.0,14.1,305,23/03/2021
P 1038,SS316,10.0,9.8,79,24/03/2021
 p-1450,P91,12.5,9.8,330,25/03/2021
P-1652,  cs  ,20.0,9.8,286,26/03/2021
 p-1219,p91,12.5,,297,27/03/2021
 p-1057,  cs  ,12.5,999.0,417,28/03/2021
PL-1475,P91,12.5,14.1,544,29/03/2021
PL-1828,STAINLESS,10.0,14.1,74,30/03/2021
P 1360,Carbon Steel,12.5,11.2,539,31/03/2021
P 1000,Carbon Steel,12.5,,543,01/04/2021
P 1972,P-91,10.0,11.2,363,02/04/2021
PL-1189,P-91,10.0,9.8,424,03/04/2021
P-1190,  cs  ,20.0,9.8,74,04/04/2021
PL-1368,SS316,10.0,14.1,383,05/04/2021
P-1823,p91,12.5,14.1,404,06/04/2021
P-1933,STAINLESS,10.0,9.8,165,07/04/2021
P-1133,CS,,9.8,97,08/04/2021
 p-1555,P91,10.0,14.1,148,09/04/2021
P-1671,SS316,12.5,9.8,508,10/04/2021
P-1828,p91,20.0,14.1,572,11/04/2021
P 1148,P-91,20.0,,454,12/04/2021
PL-1885,  cs  ,10.0,11.2,263,13/04/2021
P-1202,P91,20.0,9.8,552,14/04/2021
PL-1228,P-91,12.5,14.1,497,15/04/2021
PL-1226,  cs  ,12.5,14.1,307,16/04/2021
P 1531,P91,10.0,11.2,170,17/04/2021
P-1401,CS,10.0,,103,18/04/2021
P 1232,p91,15.0,9.8,380,19/04/2021
P-1525,P91,12.5,11.2,290,20/04/2021
P 1414,STAINLESS,12.5,14.1,579,21/04/2021
P-1372,SS316,15.0,999.0,532,22/04/2021
 p-1885,Carbon Steel,15.0,9.8,236,23/04/2021
P 1655,STAINLESS,10.0,14.1,311,24/04/2021
P 1952,STAINLESS,15.0,11.2,413,25/04/2021
P 1011,SS316,10.0,9.8,540,26/04/2021
 p-1735,Carbon Steel,15.0,9.8,480,27/04/2021
PL-1967,STAINLESS,15.0,999.0,288,28/04/2021
 p-1971,P91,,9.8,353,29/04/2021
PL-1667,P91,10.0,9.8,347,30/04/2021
P-1007,P91,10.0,9.8,125,01/05/2021
 p-1347,Carbon Steel,10.0,999.0,382,02/05/2021
PL-1089,STAINLESS,10.0,11.2,523,03/05/2021
PL-1697,  cs  ,10.0,14.1,332,04/05/2021
PL-1177,Carbon Steel,,9.8,121,05/05/2021
PL-1731,P91,10.0,11.2,312,06/05/2021
P-1040,SS316,10.0,11.2,61,07/05/2021
PL-1703,STAINLESS,15.0,14.1,190,08/05/2021
P 1501,STAINLESS,12.5,,66,09/05/2021
P 1144,P-91,15.0,9.8,112,10/05/2021
P-1928,P-91,10.0,11.2,302,11/05/2021
P-1723,CS,12.5,9.8,514,12/05/2021
P-1731,  cs  ,10.0,11.2,425,13/05/2021
PL-1924,  cs  ,10.0,9.8,569,14/05/2021
P-1557,p91,,9.8,139,15/05/2021
P 1252,  cs  ,10.0,9.8,224,16/05/2021
 p-1593,P-91,12.5,11.2,125,17/05/2021
P 1255,Carbon Steel,12.5,9.8,449,18/05/2021
P-1814,  cs  ,12.5,14.1,120,19/05/2021
P-1449,P-91,20.0,11.2,229,20/05/2021
 p-1823,CS,10.0,9.8,173,21/05/2021
 p-1241,STAINLESS,15.0,14.1,430,22/05/2021
P 1876,  cs  ,,9.8,342,23/05/2021
P-1118,CS,12.5,11.2,244,24/05/2021
PL-1800,STAINLESS,,11.2,277,25/05/2021
 p-1064,SS316,10.0,9.8,480,26/05/2021
 p-1223,SS316,12.5,9.8,485,27/05/2021
P 1176,STAINLESS,10.0,9.8,510,28/05/2021
P 1852,  cs  ,15.0,,70,29/05/2021
 p-1062,p91,,11.2,113,30/05/2021
P-1853,P-91,10.0,11.2,214,31/05/2021
P 1794,Carbon Steel,15.0,11.2,76,01/06/2021
P-1460,Carbon Steel,10.0,9.8,360,02/06/2021
P-1609,P91,12.5,11.2,334,03/06/2021
P-1098,STAINLESS,12.5,14.1,330,04/06/2021
P 1384,Carbon Steel,,9.8,213,05/06/2021
P-1822,  cs  ,15.0,9.8,273,06/06/2021
 p-1475,p91,12.5,9.8,195,07/06/2021
P-1708,STAINLESS,10.0,11.2,79,08/06/2021
P 1644,p91,10.0,,94,09/06/2021
 p-1770,  cs  ,10.0,9.8,520,10/06/2021
P-1022,Carbon Steel,10.0,11.2,83,11/06/2021
P-1564,Carbon Steel,20.0,9.8,476,12/06/2021
P-1713,P91,12.5,,270,13/06/2021
 p-1082,Carbon Steel,12.5,9.8,583,14/06/2021
P-1084,STAINLESS,10.0,11.2,416,15/06/2021
 p-1456,  cs  ,20.0,14.1,599,16/06/2021
 p-1000,SS316,15.0,14.1,165,17/06/2021
P 1684,  cs  ,10.0,11.2,288,18/06/2021
P-1771,STAINLESS,15.0,9.8,384,19/06/2021
 p-1448,STAINLESS,12.5,9.8,490,20/06/2021
P-1487,P91,10.0,9.8,197,21/06/2021
PL-1033,P91,12.5,9.8,58,22/06/2021
PL-1094,Carbon Steel,12.5,11.2,337,23/06/2021
PL-1550,CS,10.0,9.8,437,24/06/2021
 p-1249,  cs  ,,9.8,99,25/06/2021
 p-1437,  cs  ,20.0,11.2,566,26/06/2021
 p-1770,CS,15.0,,327,27/06/2021
P 1305,P91,12.5,11.2,349,28/06/2021
PL-1960,Carbon Steel,12.5,9.8,184,29/06/2021
 p-1235,CS,15.0,9.8,196,30/06/2021
P-1989,Carbon Steel,12.5,,539,01/07/2021
 p-1762,Carbon Steel,10.0,9.8,527,02/07/2021
P-1400,Carbon Steel,12.5,9.8,208,03/07/2021
PL-1766,P-91,20.0,11.2,433,04/07/2021
P 1918,STAINLESS,12.5,11.2,212,05/07/2021
P 1228,Carbon Steel,10.0,11.2,490,06/07/2021
P-1909,P-91,15.0,9.8,238,07/07/2021
 p-1074,P91,10.0,9.8,464,08/07/2021
P 1102,CS,10.0,,388,09/07/2021
 p-1703,STAINLESS,10.0,9.8,230,10/07/2021
PL-1737,SS316,12.5,11.2,337,11/07/2021
 p-1305,CS,15.0,14.1,236,12/07/2021
 p-1849,STAINLESS,12.5,11.2,187,13/07/2021
 p-1334,SS316,10.0,9.8,179,14/07/2021
P 1434,CS,20.0,9.8,243,15/07/2021
P 1993,STAINLESS,20.0,11.2,365,16/07/2021
PL-1248,CS,20.0,999.0,193,17/07/2021
 p-1480,CS,10.0,,65,18/07/2021
PL-1334,SS316,12.5,9.8,351,19/07/2021
PL-1541,CS,,9.8,472,20/07/2021
P 1105,CS,15.0,,294,21/07/2021
P 1080,SS316,10.0,14.1,156,22/07/2021
P-1796,P91,10.0,999.0,137,23/07/2021
PL-1137,Carbon Steel,12.5,9.8,178,24/07/2021
PL-1400,  cs  ,,11.2,390,25/07/2021
 p-1784,p91,12.5,14.1,53,26/07/2021
PL-1851,P-91,12.5,11.2,376,27/07/2021
PL-1068,p91,10.0,11.2,459,28/07/2021
 p-1773,p91,15.0,9.8,355,29/07/2021
P-1449,STAINLESS,20.0,11.2,274,30/07/2021
P-1125,Carbon Steel,12.5,9.8,397,31/07/2021
P 1042,STAINLESS,15.0,11.2,370,01/08/2021
PL-1970,Carbon Steel,,,230,02/08/2021
P 1110,SS316,10.0,9.8,435,03/08/2021
P-1662,SS316,12.5,14.1,157,04/08/2021
P 1847,  cs  ,10.0,9.8,580,05/08/2021
P 1970,Carbon Steel,15.0,11.2,459,06/08/2021
 p-1911,CS,12.5,,345,07/08/2021
PL-1899,P91,15.0,9.8,220,08/08/2021
PL-1899,  cs  ,15.0,9.8,380,09/08/2021
PL-1280,  cs  ,12.5,11.2,542,10/08/2021
P 1863,CS,,9.8,244,11/08/2021
P 1666,P91,12.5,14.1,61,12/08/2021
P-1671,STAINLESS,10.0,,244,13/08/2021
 p-1060,P91,15.0,11.2,539,14/08/2021
 p-1050,STAINLESS,15.0,9.8,231,15/08/2021
P 1788,SS316,12.5,11.2,365,16/08/2021
P-1465,p91,20.0,14.1,79,17/08/2021
PL-1681,SS316,,9.8,145,18/08/2021
P-1533,SS316,10.0,11.2,430,19/08/2021
P-1837,p91,,11.2,493,20/08/2021
P-1644,P91,10.0,11.2,347,21/08/2021
P-1523,  cs  ,10.0,9.8,410,22/08/2021
 p-1045,P91,10.0,14.1,423,23/08/2021
 p-1944,STAINLESS,20.0,9.8,352,24/08/2021
 p-1729,CS,15.0,9.8,470,25/08/2021
P-1922,STAINLESS,10.0,999.0,295,26/08/2021
P-1793,CS,12.5,14.1,286,27/08/2021
P-1046,SS316,15.0,9.8,583,28/08/2021
P-1213,p91,10.0,9.8,234,29/08/2021
P 1055,SS316,20.0,9.8,517,30/08/2021
 p-1106,Carbon Steel,20.0,9.8,412,31/08/2021
P 1047,P91,12.5,9.8,332,01/09/2021
P-1336,CS,,9.8,385,02/09/2021
 p-1803,STAINLESS,12.5,11.2,211,03/09/2021
P-1007,p91,,14.1,209,04/09/2021
P-1866,CS,15.0,11.2,523,05/09/2021
P-1691,STAINLESS,15.0,11.2,371,06/09/2021
P 1302,P91,10.0,9.8,61,07/09/2021
P 1055,SS316,20.0,,473,08/09/2021
 p-1525,P91,12.5,14.1,122,09/09/2021
 p-1027,P-91,10.0,14.1,250,10/09/2021
P 1077,Carbon Steel,10.0,14.1,571,11/09/2021
PL-1385,P-91,12.5,,554,12/09/2021
P-1665,p91,12.5,11.2,88,13/09/2021
 p-1698,CS,15.0,9.8,109,14/09/2021
PL-1882,p91,20.0,11.2,370,15/09/2021
P 1002,SS316,10.0,14.1,484,16/09/2021
P 1918,STAINLESS,15.0,14.1,457,17/09/2021
 p-1362,P91,10.0,11.2,435,18/09/2021
P 1507,P-91,20.0,9.8,127,19/09/2021
P-1273,  cs  ,20.0,9.8,243,20/09/2021
 p-1805,P-91,12.5,,334,21/09/2021
P 1882,SS316,15.0,11.2,576,22/09/2021
P 1191,P-91,12.5,11.2,573,23/09/2021
P-1630,SS316,12.5,9.8,205,24/09/2021
P-1027,  cs  ,20.0,9.8,389,25/09/2021
 p-1038,p91,12.5,999.0,174,26/09/2021
P-1272,P91,12.5,11.2,329,27/09/2021
P 1085,CS,12.5,14.1,177,28/09/2021
 p-1125,STAINLESS,20.0,11.2,363,29/09/2021
PL-1536,CS,12.5,11.2,381,30/09/2021
P-1524,p91,10.0,9.8,199,01/10/2021
PL-1024,STAINLESS,15.0,14.1,503,02/10/2021
PL-1393,P-91,20.0,11.2,85,03/10/2021
P 1232,  cs  ,10.0,11.2,469,04/10/2021
P-1145,  cs  ,10.0,11.2,71,05/10/2021
P 1227,Carbon Steel,10.0,,255,06/10/2021
P 1469,p91,12.5,9.8,405,07/10/2021
 p-1622,p91,12.5,14.1,489,08/10/2021
PL-1935,P91,15.0,9.8,145,09/10/2021
P-1747,CS,15.0,11.2,213,10/10/2021
P 1553,p91,15.0,9.8,197,11/10/2021
P-1612,p91,12.5,9.8,579,12/10/2021
 p-1691,P-91,20.0,11.2,343,13/10/2021
 p-1319,P-91,12.5,9.8,244,14/10/2021
 p-1442,STAINLESS,,11.2,529,15/10/2021
PL-1314,SS316,15.0,,172,16/10/2021
P-1965,SS316,10.0,9.8,449,17/10/2021
P-1376,Carbon Steel,15.0,14.1,501,18/10/2021
P-1436,SS316,12.5,11.2,153,19/10/2021
 p-1276,P91,15.0,11.2,511,20/10/2021
 p-1581,Carbon Steel,10.0,9.8,445,21/10/2021
P 1623,STAINLESS,10.0,9.8,386,22/10/2021
PL-1349,P-91,20.0,9.8,191,23/10/2021
P 1445,SS316,10.0,9.8,366,24/10/2021
 p-1349,CS,20.0,9.8,576,25/10/2021
P 1663,P-91,10.0,11.2,450,26/10/2021
P 1136,  cs  ,15.0,999.0,359,27/10/2021
P 1898,P91,15.0,14.1,544,28/10/2021
P 1542,P-91,12.5,11.2,158,29/10/2021
PL-1228,P91,12.5,9.8,421,30/10/2021
PL-1919,P91,10.0,9.8,255,31/10/2021
P 1005,P91,10.0,9.8,92,01/11/2021
 p-1467,STAINLESS,12.5,9.8,294,02/11/2021
PL-1074,P91,15.0,11.2,336,03/11/2021
PL-1846,P91,,11.2,404,04/11/2021
 p-1117,  cs  ,20.0,9.8,525,05/11/2021
P-1605,CS,15.0,9.8,132,06/11/2021
PL-1997,Carbon Steel,15.0,14.1,159,07/11/2021
P 1573,p91,15.0,14.1,239,08/11/2021
P-1193,  cs  ,10.0,9.8,300,09/11/2021
P 1714,Carbon Steel,,,340,10/11/2021
PL-1025,P91,15.0,,250,11/11/2021
P 1172,CS,12.5,9.8,375,12/11/2021
PL-1644,P-91,10.0,9.8,560,13/11/2021
 p-1409,CS,12.5,11.2,458,14/11/2021
 p-1835,  cs  ,12.5,,557,15/11/2021
P 1723,P91,20.0,999.0,121,16/11/2021
P-1531,CS,12.5,9.8,296,17/11/2021
P-1139,SS316,12.5,9.8,393,18/11/2021
P 1000,CS,,11.2,103,19/11/2021
 p-1653,P91,10.0,11.2,577,20/11/2021
PL-1549,STAINLESS,12.5,9.8,581,21/11/2021
P-1893,SS316,10.0,999.0,242,22/11/2021
P 1510,CS,15.0,11.2,107,23/11/2021
PL-1844,p91,,14.1,486,24/11/2021
P 1258,p91,10.0,999.0,160,25/11/2021
P-1901,CS,20.0,14.1,178,26/11/2021
 p-1009,STAINLESS,10.0,11.2,375,27/11/2021
P-1918,P-91,,11.2,57,28/11/2021
 p-1171,P91,15.0,9.8,78,29/11/2021
 p-1012,p91,20.0,11.2,161,30/11/2021
PL-1641,P-91,10.0,9.8,180,01/12/2021
PL-1320,CS,,11.2,237,02/12/2021
P 1612,  cs  ,15.0,9.8,524,03/12/2021
P-1784,P-91,12.5,9.8,413,04/12/2021
P-1970,SS316,20.0,9.8,253,05/12/2021
P 1919,Carbon Steel,10.0,9.8,261,06/12/2021
 p-1418,p91,20.0,14.1,325,07/12/2021
 p-1094,CS,10.0,14.1,122,08/12/2021
P-1580,  cs  ,15.0,11.2,292,09/12/2021
 p-1955,P91,12.5,9.8,151,10/12/2021
PL-1945,  cs  ,10.0,9.8,220,11/12/2021
 p-1884,STAINLESS,10.0,9.8,237,12/12/2021
PL-1458,SS316,10.0,9.8,490,13/12/2021
P-1929,CS,12.5,999.0,135,14/12/2021
PL-1994,P91,12.5,9.8,525,15/12/2021
P 1512,STAINLESS,12.5,9.8,101,16/12/2021
PL-1319,STAINLESS,10.0,9.8,160,17/12/2021
 p-1571,CS,10.0,9.8,92,18/12/2021
PL-1348,SS316,15.0,11.2,260,19/12/2021
PL-1778,P-91,10.0,11.2,249,20/12/2021
P-1228,P-91,,9.8,75,21/12/2021
 p-1827,STAINLESS,20.0,9.8,348,22/12/2021
 p-1290,P-91,15.0,9.8,126,23/12/2021
P-1164,Carbon Steel,12.5,9.8,186,24/12/2021
P-1850,STAINLESS,20.0,9.8,69,25/12/2021
P 1077,STAINLESS,10.0,,489,26/12/2021
 p-1573,P91,10.0,11.2,260,27/12/2021
PL-1600,P-91,10.0,11.2,484,28/12/2021
P-1041,SS316,15.0,11.2,256,29/12/2021
P-1401,STAINLESS,10.0,11.2,488,30/12/2021
PL-1839,  cs  ,12.5,11.2,91,31/12/2021
P 1615,SS316,,11.2,460,01/01/2022
 p-1799,Carbon Steel,20.0,14.1,572,02/01/2022
P 1636,P91,12.5,9.8,476,03/01/2022
 p-1864,CS,10.0,11.2,324,04/01/2022
P 1574,SS316,20.0,11.2,497,05/01/2022
P 1992,STAINLESS,12.5,999.0,418,06/01/2022
P-1144,Carbon Steel,10.0,11.2,269,07/01/2022
P-1502,p91,10.0,11.2,281,08/01/2022
 p-1973,Carbon Steel,,9.8,377,09/01/2022
P-1615,Carbon Steel,15.0,11.2,492,10/01/2022
PL-1946,P91,20.0,9.8,101,11/01/2022
P 1946,CS,20.0,9.8,425,12/01/2022
 p-1645,p91,12.5,9.8,312,13/01/2022
P 1390,P-91,12.5,11.2,316,14/01/2022
P 1967,P-91,12.5,9.8,408,15/01/2022
 p-1447,SS316,12.5,9.8,366,16/01/2022
PL-1014,Carbon Steel,12.5,999.0,373,17/01/2022
P 1668,  cs  ,15.0,9.8,470,18/01/2022
P-1477,P91,15.0,11.2,95,19/01/2022
P 1922,  cs  ,20.0,11.2,318,20/01/2022
PL-1156,P91,12.5,9.8,430,21/01/2022
 p-1440,P-91,15.0,14.1,167,22/01/2022
P-1996,SS316,15.0,9.8,165,23/01/2022
P 1950,SS316,12.5,11.2,309,24/01/2022
P-1253,SS316,15.0,11.2,124,25/01/2022
PL-1597,p91,10.0,11.2,529,26/01/2022
 p-1521,CS,12.5,11.2,354,27/01/2022
P-1634,p91,10.0,9.8,56,28/01/2022
 p-1864,STAINLESS,12.5,9.8,415,29/01/2022
 p-1805,STAINLESS,12.5,14.1,572,30/01/2022
P-1158,  cs  ,15.0,11.2,397,31/01/2022
P 1227,CS,,14.1,487,01/02/2022
P-1215,P-91,15.0,14.1,264,02/02/2022
PL-1695,CS,15.0,14.1,478,03/02/2022
P 1156,P91,12.5,11.2,547,04/02/2022
PL-1260,STAINLESS,15.0,9.8,589,05/02/2022
P-1046,Carbon Steel,10.0,14.1,416,06/02/2022
PL-1843,Carbon Steel,10.0,11.2,362,07/02/2022
P-1129,P-91,12.5,9.8,587,08/02/2022
P 1094,P91,12.5,999.0,103,09/02/2022
P 1754,  cs  ,10.0,999.0,590,10/02/2022
PL-1291,p91,10.0,11.2,516,11/02/2022
 p-1810,P91,10.0,9.8,213,12/02/2022
P 1068,Carbon Steel,,9.8,383,13/02/2022
PL-1010,Carbon Steel,12.5,14.1,596,14/02/2022
 p-1841,  cs  ,12.5,,397,15/02/2022
PL-1549,STAINLESS,10.0,9.8,322,16/02/2022
 p-1711,P91,15.0,9.8,463,17/02/2022
P 1814,P91,10.0,999.0,549,18/02/2022
 p-1301,Carbon Steel,10.0,9.8,142,19/02/2022
P 1395,p91,12.5,11.2,128,20/02/2022
 p-1140,P-91,10.0,,266,21/02/2022
PL-1957,SS316,10.0,9.8,407,22/02/2022
 p-1984,P-91,10.0,11.2,556,23/02/2022
P-1622,P91,10.0,9.8,230,24/02/2022
PL-1827,P-91,10.0,9.8,295,25/02/2022
P 1459,Carbon Steel,12.5,14.1,293,26/02/2022
PL-1355,Carbon Steel,20.0,11.2,555,27/02/2022
PL-1323,  cs  ,12.5,,471,28/02/2022
P-1887,P91,12.5,11.2,369,01/03/2022
P-1839,  cs  ,10.0,9.8,136,02/03/2022
P 1105,P91,,9.8,266,03/03/2022
P-1603,SS316,12.5,9.8,539,04/03/2022
P 1377,SS316,10.0,9.8,568,05/03/2022
P-1050,STAINLESS,15.0,9.8,327,06/03/2022
P-1461,P91,10.0,9.8,218,07/03/2022
PL-1296,p91,12.5,11.2,379,08/03/2022
 p-1778,P-91,12.5,14.1,490,09/03/2022
P 1768,P91,20.0,11.2,440,10/03/2022
 p-1612,CS,12.5,14.1,545,11/03/2022
P-1345,STAINLESS,15.0,9.8,430,12/03/2022
 p-1419,CS,,9.8,355,13/03/2022
 p-1982,Carbon Steel,10.0,11.2,562,14/03/2022
P-1000,SS316,10.0,11.2,237,15/03/2022
P 1949,P-91,12.5,9.8,565,16/03/2022
P 1370,P91,12.5,14.1,476,17/03/2022
PL-1910,CS,12.5,14.1,551,18/03/2022
P-1430,P-91,,11.2,309,19/03/2022
P-1308,Carbon Steel,15.0,9.8,562,20/03/2022
P-1201,SS316,15.0,14.1,120,21/03/2022
PL-1312,p91,12.5,11.2,527,22/03/2022
P-1665,STAINLESS,20.0,14.1,227,23/03/2022
P-1802,P-91,,14.1,506,24/03/2022
P 1243,P-91,20.0,14.1,238,25/03/2022
P-1601,p91,10.0,11.2,340,26/03/2022
P 1805,P-91,15.0,9.8,569,27/03/2022
 p-1902,Carbon Steel,10.0,11.2,341,28/03/2022
 p-1474,Carbon Steel,10.0,11.2,332,29/03/2022
 p-1346,p91,10.0,14.1,593,30/03/2022
P-1639,STAINLESS,15.0,9.8,426,31/03/2022
P 1954,P91,15.0,9.8,205,01/04/2022
PL-1762,CS,10.0,999.0,557,02/04/2022
P 1181,P91,12.5,14.1,462,03/04/2022
PL-1024,P-91,12.5,,577,04/04/2022
P 1179,CS,12.5,14.1,404,05/04/2022
 p-1500,  cs  ,10.0,11.2,236,06/04/2022
PL-1160,p91,12.5,11.2,80,07/04/2022
P-1284,p91,15.0,999.0,309,08/04/2022
P 1661,STAINLESS,10.0,11.2,470,09/04/2022
 p-1155,CS,10.0,11.2,578,10/04/2022
 p-1468,Carbon Steel,12.5,9.8,353,11/04/2022
P-1966,CS,,11.2,88,12/04/2022
P-1083,P-91,15.0,14.1,538,13/04/2022
P-1688,Carbon Steel,15.0,9.8,591,14/04/2022
PL-1629,SS316,12.5,9.8,327,15/04/2022
 p-1475,SS316,12.5,9.8,252,16/04/2022
P 1700,  cs  ,10.0,9.8,115,17/04/2022
PL-1560,SS316,15.0,9.8,157,18/04/2022
P 1768,p91,,11.2,317,19/04/2022
PL-1140,CS,15.0,,271,20/04/2022
 p-1214,SS316,20.0,11.2,579,21/04/2022
P 1890,P91,15.0,9.8,139,22/04/2022
PL-1722,STAINLESS,10.0,9.8,304,23/04/2022
 p-1031,P91,,11.2,504,24/04/2022
 p-1284,SS316,10.0,9.8,302,25/04/2022
P-1428,  cs  ,12.5,14.1,306,26/04/2022
P-1285,STAINLESS,10.0,11.2,432,27/04/2022
PL-1423,P-91,10.0,14.1,491,28/04/2022
P 1017,P91,12.5,9.8,139,29/04/2022
P-1589,  cs  ,10.0,11.2,439,30/04/2022
P 1174,CS,12.5,9.8,93,01/05/2022
 p-1193,CS,12.5,,68,02/05/2022
 p-1987,P91,10.0,11.2,150,03/05/2022
P-1113,SS316,10.0,9.8,406,04/05/2022
 p-1677,  cs  ,12.5,9.8,591,05/05/2022
P 1830,CS,12.5,9.8,82,06/05/2022
PL-1896,P-91,15.0,11.2,278,07/05/2022
PL-1924,Carbon Steel,15.0,9.8,573,08/05/2022
P 1870,SS316,20.0,11.2,204,09/05/2022
P 1799,  cs  ,15.0,9.8,472,10/05/2022
 p-1457,P-91,12.5,11.2,295,11/05/2022
P 1877,  cs  ,15.0,14.1,454,12/05/2022
 p-1379,STAINLESS,10.0,14.1,590,13/05/2022
P-1086,P-91,12.5,14.1,210,14/05/2022
P 1475,SS316,15.0,9.8,166,15/05/2022
PL-1177,STAINLESS,12.5,9.8,320,16/05/2022
P 1348,SS316,15.0,11.2,536,17/05/2022
PL-1832,CS,20.0,9.8,221,18/05/2022
P-1758,Carbon Steel,20.0,11.2,323,19/05/2022
P 1983,SS316,,9.8,308,20/05/2022
P 1442,SS316,12.5,9.8,184,21/05/2022
P 1327,CS,12.5,9.8,471,22/05/2022
 p-1760,p91,12.5,999.0,470,23/05/2022
P 1228,CS,12.5,9.8,235,24/05/2022
P 1050,STAINLESS,15.0,11.2,413,25/05/2022
P-1603,CS,15.0,9.8,427,26/05/2022
P 1263,CS,15.0,11.2,572,27/05/2022
 p-1802,Carbon Steel,12.5,9.8,245,28/05/2022
PL-1087,CS,10.0,999.0,147,29/05/2022
 p-1287,  cs  ,12.5,999.0,71,30/05/2022
PL-1813,SS316,10.0,9.8,499,31/05/2022
P 1911,  cs  ,20.0,,221,01/06/2022
PL-1499,Carbon Steel,12.5,,432,02/06/2022
P-1181,P91,10.0,14.1,183,03/06/2022
P-1909,p91,10.0,14.1,475,04/06/2022
P 1822,  cs  ,15.0,9.8,74,05/06/2022
PL-1977,Carbon Steel,15.0,11.2,552,06/06/2022
P 1329,STAINLESS,12.5,9.8,234,07/06/2022
P 1672,P91,10.0,9.8,134,08/06/2022
P 1084,Carbon Steel,12.5,,193,09/06/2022
P 1623,Carbon Steel,12.5,9.8,461,10/06/2022
P-1914,p91,15.0,14.1,273,11/06/2022
PL-1284,SS316,15.0,14.1,269,12/06/2022
PL-1081,  cs  ,12.5,999.0,228,13/06/2022
 p-1896,STAINLESS,10.0,,482,14/06/2022
P 1708,P-91,,9.8,314,15/06/2022
PL-1522,  cs  ,12.5,9.8,478,16/06/2022
 p-1385,P-91,15.0,11.2,465,17/06/2022
P 1470,Carbon Steel,10.0,9.8,502,18/06/2022
P 1395,CS,12.5,9.8,246,19/06/2022
PL-1260,STAINLESS,10.0,9.8,102,20/06/2022
P-1933,P91,12.5,14.1,529,21/06/2022
PL-1733,CS,,11.2,492,22/06/2022
P-1225,CS,12.5,9.8,379,23/06/2022
P-1939,  cs  ,10.0,11.2,300,24/06/2022
P 1499,STAINLESS,10.0,9.8,172,25/06/2022
 p-1853,SS316,12.5,9.8,436,26/06/2022
PL-1279,Carbon Steel,10.0,14.1,388,27/06/2022
P-1713,Carbon Steel,10.0,11.2,397,28/06/2022
 p-1631,Carbon Steel,15.0,14.1,78,29/06/2022
P 1726,Carbon Steel,12.5,9.8,84,30/06/2022
PL-1735,  cs  ,10.0,14.1,567,01/07/2022
P-1881,P-91,,11.2,445,02/07/2022
P 1208,Carbon Steel,10.0,11.2,343,03/07/2022
 p-1520,P-91,,11.2,398,04/07/2022
PL-1961,P-91,12.5,999.0,196,05/07/2022
P-1280,SS316,20.0,11.2,116,06/07/2022
P 1200,Carbon Steel,15.0,11.2,569,07/07/2022
 p-1277,p91,20.0,,171,08/07/2022
P 1493,P91,,14.1,389,09/07/2022
PL-1665,CS,10.0,11.2,224,10/07/2022
 p-1028,P-91,,14.1,500,11/07/2022
P-1609,STAINLESS,12.5,9.8,185,12/07/2022
P 1804,STAINLESS,12.5,9.8,65,13/07/2022
P 1837,P91,12.5,11.2,382,14/07/2022
 p-1127,STAINLESS,12.5,,244,15/07/2022
P-1041,p91,10.0,,545,16/07/2022
PL-1040,STAINLESS,12.5,9.8,58,17/07/2022
 p-1033,CS,12.5,11.2,383,18/07/2022
P-1676,CS,15.0,9.8,382,19/07/2022
P-1997,P-91,20.0,,376,20/07/2022
 p-1587,Carbon Steel,12.5,,64,21/07/2022
P 1628,SS316,12.5,11.2,275,22/07/2022
 p-1341,p91,10.0,14.1,474,23/07/2022
P-1026,P-91,10.0,14.1,457,24/07/2022
P-1286,p91,10.0,11.2,162,25/07/2022
 p-1730,Carbon Steel,12.5,9.8,477,26/07/2022
PL-1609,  cs  ,10.0,11.2,50,27/07/2022
PL-1748,STAINLESS,,11.2,315,28/07/2022
P-1820,STAINLESS,12.5,11.2,540,29/07/2022
P 1905,SS316,12.5,9.8,257,30/07/2022
P-1400,Carbon Steel,12.5,,418,31/07/2022
 p-1980,P-91,10.0,9.8,355,01/08/2022
PL-1701,SS316,12.5,11.2,61,02/08/2022
 p-1557,Carbon Steel,15.0,11.2,394,03/08/2022
PL-1129,P91,12.5,11.2,514,04/08/2022
PL-1821,CS,12.5,11.2,543,05/08/2022
P 1704,SS316,,9.8,417,06/08/2022
P 1692,SS316,20.0,9.8,469,07/08/2022
PL-1370,P-91,15.0,11.2,220,08/08/2022
 p-1028,p91,12.5,11.2,183,09/08/2022
P-1778,P91,15.0,9.8,476,10/08/2022
PL-1010,P-91,10.0,14.1,74,11/08/2022
PL-1675,Carbon Steel,12.5,11.2,579,12/08/2022
P-1186,Carbon Steel,10.0,11.2,239,13/08/2022
P 1743,Carbon Steel,12.5,14.1,190,14/08/2022
P 1309,  cs  ,12.5,9.8,364,15/08/2022
 p-1054,Carbon Steel,10.0,9.8,493,16/08/2022
P 1663,p91,,14.1,368,17/08/2022
 p-1405,P91,,11.2,490,18/08/2022
P-1311,STAINLESS,15.0,11.2,141,19/08/2022
P-1761,CS,12.5,14.1,228,20/08/2022
PL-1750,p91,20.0,14.1,105,21/08/2022
PL-1466,p91,10.0,,204,22/08/2022
P 1243,  cs  ,15.0,11.2,160,23/08/2022
P 1848,STAINLESS,10.0,11.2,186,24/08/2022
 p-1506,STAINLESS,15.0,11.2,281,25/08/2022
P-1481,CS,10.0,9.8,517,26/08/2022
P-1153,CS,20.0,11.2,530,27/08/2022
 p-1500,STAINLESS,,9.8,117,28/08/2022
P-1712,Carbon Steel,10.0,,298,29/08/2022
PL-1016,p91,12.5,11.2,372,30/08/2022
P-1216,P-91,,11.2,567,31/08/2022
P-1938,CS,12.5,9.8,481,01/09/2022
PL-1041,  cs  ,20.0,9.8,536,02/09/2022
P-1038,  cs  ,12.5,9.8,478,03/09/2022
P 1130,CS,12.5,11.2,318,04/09/2022
 p-1228,STAINLESS,10.0,9.8,586,05/09/2022
PL-1171,P91,10.0,11.2,197,06/09/2022
P 1477,P-91,15.0,999.0,167,07/09/2022
 p-1865,P-91,12.5,999.0,416,08/09/2022
PL-1274,CS,12.5,11.2,115,09/09/2022
P-1043,Carbon Steel,12.5,9.8,419,10/09/2022
P 1816,P91,12.5,999.0,224,11/09/2022
P-1016,P-91,20.0,999.0,544,12/09/2022
 p-1568,CS,,9.8,163,13/09/2022
P 1496,  cs  ,12.5,14.1,160,14/09/2022
P 1011,P-91,20.0,9.8,488,15/09/2022
 p-1591,SS316,15.0,14.1,196,16/09/2022
PL-1338,P91,12.5,,84,17/09/2022
PL-1990,P91,,9.8,358,18/09/2022
P-1080,SS316,10.0,999.0,587,19/09/2022
P 1484,p91,10.0,11.2,63,20/09/2022
 p-1975,  cs  ,20.0,,423,21/09/2022
 p-1199,SS316,12.5,11.2,477,22/09/2022
P-1465,STAINLESS,20.0,14.1,282,23/09/2022
P-1267,STAINLESS,20.0,9.8,489,24/09/2022
P 1570,CS,10.0,9.8,551,25/09/2022
 p-1488,P91,20.0,9.8,324,26/09/2022
